name,_delete,nameZh,nameJa,aliases,avatar,birth,bloodType,height,weight,threeSize,cup,retired,retiredAt,debut,agency,x,instagram,tiktok,works
ICHIKA,,ICHIKA,ICHIKA,,,1988-02-14,O,164,,88 - 60 - 89,D,TRUE,2009,2006,MOODYZ,,,,
RION,,安齋拉拉,安齋らら,宇都宮しをん、RION,https://raw.githubusercontent.com/lesspem/JAV_info/main/assets/avatars/%E5%AE%89%E9%BD%8B%E6%8B%89%E6%8B%89.jpg,1994-03-01,,161,59kg,115 - 63 - 92,K,FALSE,,,S1,,,,
Tia,,Tia,Tia,,,,,,,,,FALSE,,,,,,,
Yua,,,Yua,,,,,,,,,FALSE,,,,,,,
あいかわ優衣,,,あいかわ優衣,優衣リィ、大野香澄,https://www.minnano-av.com/p_actress_125_125/001/391932.jpg?new,1989-03-08,B,158,,86 - 60 - 87,,TRUE,2015,2010-05-21,,,,,
あいださくら,,愛田櫻,あいださくら,,,1991-04-18,B,162,,83 - 58 - 85,C,FALSE,,2009-08-06,SOD,sakuraaida0418,,,
あおいれな,,葵玲奈,あおいれな,葵玲奈、れな,,1996-03-19,,158,,80 - 57 - 85,A,TRUE,2021-07-18,2015-07-25,,aoi_rena_,aoi_rena_,,
あきばもも,,佐藤乃乃果,あきばもも,,https://commons.wikimedia.org/wiki/Special:FilePath/Kindai_Mahjong_Swimsuit_Festival_(September%2C_2023)IMG_1963.jpg?width=200,1996-03-12,A,153,,92 - 62 - 96,H,FALSE,,2017-03-02,溜池ゴロー,AkibaMomo0312,akibamomo0312,,
あやの沙希,,,あやの沙希,,,1989-08-07,O,161,,84 - 58 - 82,D-65,FALSE,,2011,マックス・エー,,,,
あゆみ莉花,,,あゆみ莉花,,,1999-03-22,B,156,,83 - 62 - 89,D,TRUE,2019,2018,,ayumi__rika,ayumi__rika,,
いしはらさき,,,いしはらさき,いしはら、さき,,1991-10-01,O,149,,82 - 59 - 83,B,FALSE,,2011,,nyapianan,,,
うさみ恭香,,,うさみ恭香,,https://www.minnano-av.com/p_actress_125_125/000/385431.jpg?new,1981-10-05,O,155,,83 - 58 - 85,,TRUE,2002,2000,,,,,
かなた美緒,,,かなた美緒,舞雪,,1988-03-20,B,158,,88 - 57 - 87,F-65,TRUE,,,,,,,
さくら奈々,,,さくら奈々,,,1987-11-23,A,148,,84 - 58 - 83,D,TRUE,2009,2007,,,,,
つぼみ,,,つぼみ,,,,,,,,,FALSE,,,,,,,
みなみあすか,,,みなみあすか,,,,,,,,,FALSE,,,,,,,
一ノ瀬あきら,,,一ノ瀬あきら,,,1985-04-02,,160,,90 - 60 - 92,F,TRUE,2010,2007,,,,,
一色れな,,,一色れな,,,1984-12-27,O,156,,85 - 56 - 85,C,TRUE,2005,2003,,,,,
七沢みあ,,七澤米亞,七沢みあ,,https://commons.wikimedia.org/wiki/Special:FilePath/Midsummer_Swimsuit_Festival_(July_2%2C_2025)IMG_2563.jpg?width=200,1998-12-13,,145,,79 - 54 - 80,C,FALSE,,2017,MOODYZ,mia_nanasawa,nanasawamia.official,miananasawa.official,
三上悠亜,,三上悠亞,三上悠亜,鬼頭桃菜,https://commons.wikimedia.org/wiki/Special:FilePath/Mikami_Yua_to_K-POP_CIMG6553_(cropped).jpg?width=200,1993-08-16,A,159,40kg,88 - 57 - 83,G,TRUE,2023-08-15,2015-06-01,S1,yua_mikami,yua_mikami,yua_mikami,
上原亜衣,,上原亞衣,上原亜衣,,https://commons.wikimedia.org/wiki/Special:FilePath/Kindai_Mahjong_Swimsuit_Festival_20220910_IMG_2127.jpg?width=200,1992-11-12,O,155,44kg,83 - 57 - 79,D,TRUE,2016,2011,,ai_uehara_ex,ai_uehara_ex,ai_uehara_ex61,
上村ひな,,,上村ひな,,,1981-12-10,AB,157,,84 - 57 - 85,D-65,TRUE,2002,2001,,,,,
上白美央,,,上白美央,,,1999-07-16,O,156,,91 - 59 - 91,H,TRUE,2024,2022,マドンナ,,,,
乃木りか,,,乃木りか,,,,,,,,,FALSE,,,,,,,
乃木蛍,,乃木螢,乃木蛍,,https://commons.wikimedia.org/wiki/Special:FilePath/SHIBUYA_LOFT_9_CIMG4956.jpg?width=200,1999-06-02,B,165,,90 - 60 - 90,G,FALSE,,2019,SOD,HotaruNogi,hotarunogi,,
乙白さやか,,乙白沙也加,乙白さやか,,,2001-02-03,O,169,,85 - 58 - 87,C,TRUE,2022-02-13,2020,エスワン,,,,
京花萌,,京花萌,京花萌,足立ゆう,,1997.03.20,A,158,1997kg,87 - 58 - 88,F,TRUE,2022,2018,|活動備考=|他の活動=|その他=,kyokamoe,,,
今井ひろの,,,今井ひろの,,,1989-06-12,A,147,,83 - 58 - 85,D,TRUE,2013,2009,,,,,
今宿まこと,,,今宿まこと,,,1984-02-18,,150,,83 - 56 - 87,B-65,TRUE,2003,2002,,,,,
今野由愛,,,今野由愛,,,1985-03-07,,150,,83 - 58 - 84,C,TRUE,2007,2004,,,,,
佐倉絆,,佐倉絆,佐倉絆,,https://commons.wikimedia.org/wiki/Special:FilePath/%E4%B8%8A%E9%87%8E%E3%82%AA%E3%83%BC%E3%82%AF%E3%83%A9%E5%8A%87%E5%A0%B4%E3%83%BB2020%E5%B9%B41%E6%9C%884%E6%97%A5%E3%80%81%E8%88%9E%E5%8F%B0%E6%8C%A8%E6%8B%B6_20200104162714_IMG_4970.jpg?width=200,1989-05-30,AB,151,,83 - 59 - 84,D,TRUE,2020,2014-07-29,million,kabu_kizupon,kizunasakura,,
倉持結愛,,桃瀨友梨奈,倉持結愛,倉持結愛,,1990-08-19,,160,,95 - 60 - 92,H,FALSE,,2013,エスワン,,,,
倉持茜,,,倉持茜,関口あずさ,,1979-12-28,O,160,,88 - 60 - 86,D,TRUE,,1999-01-29,,,,,
入田真綾,,,入田真綾,,,1990-11-15,,156,,89 - 58 - 86,H,FALSE,,2023,DAHLIA,maaya_irita,iritamaaya,,
八乃つばさ,,八乃翼,八乃つばさ,,,1994-09-30,A,153,,96 - 70 - 102,G,TRUE,2024,2017,MOODYZ,TsubasaHachino,tsubasahachino,,
凪ひかる,,凪光,凪ひかる,有栖花、あか,,1997-04-06,A,162,,105 - 59 - 88,J,FALSE,,2020-10-07,S1,_nagihikaru,_nagihikaru,,
初川みなみ,,初川南,初川みなみ,,https://commons.wikimedia.org/wiki/Special:FilePath/%E5%88%9D%E5%B7%9D%E3%81%BF%E3%81%AA%E3%81%BFCIMG4158.jpg?width=200,1995-01-19,O,156,,86 - 59 - 88,D,TRUE,2022-05-27,2014-07-13,MOODYZ,hatsukawa_mnm,hatsukaw_aminami,,
加斗レア,,,加斗レア,笠木彩花,,1984-05-16,O,160,,83 - 59 - 85,C,TRUE,2008,2005,,,,,
加瀬あゆむ,,,加瀬あゆむ,,,1987-02-14,A,150,37kg,80 - 58 - 82,C,TRUE,,2005,,ayumukase,,,
加藤あやの,,加藤綾野,加藤あやの,山城、みずほ,,1983-09-29,B,162,,90 - 58 - 93,F,FALSE,,2011-10-11,マドンナ,ayanokatou,ayano_kato929,,
北岡錦,,,北岡錦,,https://www.minnano-av.com/p_actress_125_125/001/413341.jpg?new,1971-04-09,O,162,,90 - 60 - 83,,TRUE,1992,1991,,,,,
北島玲,,北島玲,北島玲,玲丸、北嶋玲,,1982-12-18,O,165,,96 - 65 - 90,G,FALSE,,2006,,bTxCiNrhrXlLInc,,,
北川瞳,,北川瞳,北川瞳,おっぱいひとみん,,1991-12-02,A,155,41kg,88 - 57 - 85,G,TRUE,2015,2010,,erika1202hsgw,,,
南條加奈,,,南條加奈,,,,,,,,,FALSE,,,,,,,
南梨央奈,,南梨央奈,南梨央奈,小林、莉央奈,https://commons.wikimedia.org/wiki/Special:FilePath/%E5%8D%97%E6%A2%A8%E6%9D%8F%E5%A4%AE_(52220462205).jpg?width=200,1992-12-23,O,155,44kg,85 - 60 - 86,C-70,FALSE,,2011-08-01,KUKI,mina_rio,,,
吉沢明歩,,吉澤明步,吉沢明歩,,https://commons.wikimedia.org/wiki/Special:FilePath/170805_%EC%9A%94%EC%8B%9C%EC%9E%90%EC%99%80_%EC%95%84%ED%82%A4%ED%98%B8_%ED%8C%AC%EB%AF%B8%ED%8C%85_(%EC%B2%AD%EB%8B%B4_%EC%97%90%EB%B9%84%EB%89%B4)_(3).jpg?width=200,1984-03-03,A,161,,82.7 - 61.8 - 87.9,E-69,TRUE,2019-04-29,2003-03-28,アリスJAPAN、エスワン、マキシング,akiho_yoshi,akiho_net,,
国見真菜,,,国見真菜,,https://www.minnano-av.com/p_actress_125_125/018/464909.jpg?new,1974-01-01,O,157,,88 - 58 - 84,,FALSE,,,VIP、アリスJAPAN,,,,
坂道みる,,Miru,坂道みる,坂道、みる,https://commons.wikimedia.org/wiki/Special:FilePath/TRE20250809Videoframe_1151117.png?width=200,1999-11-29,O,157,,82 - 59 - 83,E,FALSE,,2018,,miruteer_29,mirugram_55,,
夢乃あいか,,夢乃愛華,夢乃あいか,,https://commons.wikimedia.org/wiki/Special:FilePath/Aika_Yumeno_%E5%A4%A2%E4%B9%83_%E3%81%82%E3%81%84%E3%81%8B.jpg?width=200,1994-08-26,,149,,79 - 52 - 78,H,FALSE,,2013,エスワン,aika_yumeno,yumenoaika826,,
大島薫,,大島薰,大島薫,,https://www.minnano-av.com/p_actress_125_125/011/292241.jpg?new,1989-06-07,AB,165,53kg,85 - 76 - 90,,TRUE,,2015,レアル・ワークス,OshimaKaoru,ooshima.kaoru,,
大橋未久,,大橋未久,大橋未久,,,1987-12-24,A,158,,86 - 58 - 85,E,TRUE,2014,2007,,,,,
大沢瞳,,,大沢瞳,,,1979-01-13,AB,167,,88 - 60 - 90,D,FALSE,,1998,,,,,
天使もえ,,天使萌,天使もえ,,https://commons.wikimedia.org/wiki/Special:FilePath/Fresh_Summer_Fes!!_Gold_Division_IMG_9166.jpg?width=200,1994-07-10,A,155,42kg,84 - 57 - 82,D,TRUE,2025-07-28,2014-04-07,,AMATSUKA3,amatsuka.moe,amatsuka_moe,
天宮かのん,,,天宮かのん,,https://www.minnano-av.com/p_actress_125_125/023/570453.jpg?new,1979-12-03,,160,,87 - 60 - 88,,TRUE,,1998,,,,,
天宮花南,,,天宮花南,,https://commons.wikimedia.org/wiki/Special:FilePath/Trend_Girls_Photo_Session_(May_3%2C_2025)Image_processing_IMG_1080.jpg?width=200,1996-05-08,AB,155,,88 - 57 - 86,G,FALSE,,2021,MOODYZ,amamiya_kanan,amamiya_kanan,,
天月あず,,,天月あず,星なこ,,2000-07-19,A,162,,90 - 62 - 86,F,FALSE,,,,amatsukiazu,,,
天海つばさ,,天海翼,天海つばさ,,,1988-03-08,B,160,,85 - 60 - 88,E-65,TRUE,2025,2009-10-01,IdeaPocket,Amamitsubasa000,amami_tsubasa000,,
天海ゆり,,,天海ゆり,,https://www.minnano-av.com/p_actress_125_125/000/567395.jpg?new,,,158,,88 - 60 - 88,E,TRUE,2009,2006,,,,,
天海麗,,天海麗,天海麗,,,1984-03-28,A,150,,80 - 56 - 80,D-65,FALSE,,,,,,,
天野美優,,,天野美優,,,1998-01-11,A,165,,95 - 60 - 94,H,FALSE,,2016,,_amano_miyu,,,
天音まひろ,,,天音まひろ,,,,,,,,,FALSE,,,,,,,
奏音かのん,,奏音花音,奏音かのん,,,2000-05-09,A,166,48kg,86 - 59 - 85,D,TRUE,2024-04-26,2019,無垢,kanon_kanade_,kanon__kanade,kanonkanade,
奥井楓,,,奥井楓,,,1995-09-24,,160,,84 - 60 - 85,D,TRUE,,2020,,,,,
奥菜つばさ,,,奥菜つばさ,川村翼,https://www.minnano-av.com/p_actress_125_125/002/931466.jpg?new,1981-02-06,O,148,,88 - 58 - 83,,TRUE,2009,2000-05-06,,,,,
宇佐野瞳,,,宇佐野瞳,星見あい,,1989-05-21,,157,,85 - 58 - 87,D,FALSE,,,,usano_hitomi,,,
安城アンナ,,安城安娜,安城アンナ,,,1991-11-01,A,165,,86 - 58 - 83,C,TRUE,2013,2011,プレステージ,anaaaaaaaan,,,
宮下玲奈,,宮下玲奈,宮下玲奈,,https://commons.wikimedia.org/wiki/Special:FilePath/Rena_Miyashita_TREND_GIRLS_Photo_session202505031032.jpg?width=200,2002-07-15,B,162,44kg,83 - 57 - 85,D,FALSE,,2022-03-04,MOODYZ,rena_miyashita,rena__miyashita,rena_miyashita,
小俣わかめ,,,小俣わかめ,小俣、わかめ（おまた,,1985-10-02,A,162,,103 - 63 - 92,H,TRUE,2007,2005,,,,,
小倉由菜,,小倉由菜,小倉由菜,,https://commons.wikimedia.org/wiki/Special:FilePath/Yuna_Ogura_2025_promotion_photo.jpg?width=200,1998-11-05,O,156,23kg,83 - 58 - 87,D-65,FALSE,,2017-12-26,SOD,ogu_yuna,ogura_yuna,ogura_yunachan,
小川桃果,,,小川桃果,小川、桃果,,1990-03-27,B,160,,91 - 61 - 92,G,FALSE,,2015-06-11,溜池ゴロー,m0m0tan0327,,,
小栗杏菜,,,小栗杏菜,,https://www.minnano-av.com/p_actress_125_125/000/40516.jpg?new,1987-04-15,B,159,,83 - 58 - 84,,FALSE,,2006,,,,,
小沢アリス,,,小沢アリス,,https://www.minnano-av.com/p_actress_125_125/000/53732.jpg?new,,,,,,,FALSE,,,,,,,
小沢優,,,小沢優,,,1975-04-18,,170,,86 - 60 - 89,,TRUE,2008,2006,,,,,
小泉まり,,,小泉まり,小泉、まり,,1992-12-05,A,159,,87 - 60 - 93,E-65,TRUE,,2015,,Rennyu0810,rennyu_0810,,
小野六花,,小野六花,小野六花,,https://commons.wikimedia.org/wiki/Special:FilePath/Nekomanma!!_from_Otsuki-chan_no_Uta_1st_single_mini_live_Tower_Records_Ikebukuro_store_IMG_4523.jpg?width=200,2002-02-14,AB,148,,81 - 58 - 82,F,FALSE,,2020-07-06,MOODYZ,onorikka,ono_rikka,,
小野坂ゆいか,,小野坂唯花,小野坂ゆいか,,https://commons.wikimedia.org/wiki/Special:FilePath/Trend_Girls_Photo_Session_(May_4%2C_2025)IMG_3236.jpg?width=200,2002-02-09,A,164,,95 - 62 - 90,G,FALSE,,2024,アイデアポケット,yuika_onosaka,yuika_onosaka,,
小野寺舞,,,小野寺舞,,,2002-03-01,,156,,89 - 62 - 85,F,FALSE,,2023,SOD女子社員 レーベル,onoderamai_,,,
山岸逢花,,山岸綺花,山岸逢花,山岸、逢花,https://commons.wikimedia.org/wiki/Special:FilePath/Stage_greeting_for_the_movie_%E2%80%9CBut_I_Can%E2%80%99t_Stop_~Suzuka_Snack~%E2%80%9DIMG_4384.jpg?width=200,1992-11-30,B,160,,82 - 59 - 81,C,TRUE,2026,2017,プレミアム,ayakayamagishi_,ayakayamagishi_,,
山手梨愛,,山手梨愛,山手梨愛,,,2000-02-23,A,170,,99 - 58 - 88,I,FALSE,,2021-10-19,S1,yamate_ria,yamate_ria,,
岡本百合,,,岡本百合,,,1968-05-04,,163,,90 - 60 - 88,E,TRUE,1988,1987,,,,,
岡江凛,,,岡江凛,緒川、凛,,1985-02-08,O,161,,105 - 65 - 98,J,TRUE,,,,mimura_ibuki,,,
川島和津実,,川島和津實,川島和津実,,,1979-08-08,A,156,,86 - 59 - 85,D-65,TRUE,1999,1998-12-18,,,,,
川崎杏奈,,,川崎杏奈,,,1977-10-12,A,,,83 - 58 - 84,,FALSE,,1996,,,,,
川村朋美,,,川村朋美,,,1980-12-11,B,157,,80 - 56 - 83,,TRUE,,,,,,,
川村藍子,,,川村藍子,,https://www.minnano-av.com/p_actress_125_125/017/937102.jpg?new,1980-06-19,O,160,,82 - 58 - 85,,FALSE,,2000,,,,,
工藤まなみ,,,工藤まなみ,,,1987-05-16,A,153,,88 - 68 - 101,F,FALSE,,2017,マドンナ,tsukasa_hibiki_,,,
市川まさみ,,市川雅美,市川まさみ,,,1991-07-10,A,162,,81 - 61 - 91,C,TRUE,2022-04-11,2015-01-08,SOD,ichikawa_masami,ichii710,,
希咲エマ,,,希咲エマ,{{plainlist|,,1989-08-30,A,152,,95 - 56 - 85,H,FALSE,,2009-03-01,,emakisaki,,,
希島あいり,,希岛爱理,希島あいり,希岛爱理、希島愛理,,1988-12-24,O,160,,85 - 58 - 87,C,TRUE,2025-06-30,2013-07-01,プレミアム,airi_kijima,airi_kijima,airi_kijima,
希崎ジェシカ,,希崎潔西卡,希崎ジェシカ,,https://commons.wikimedia.org/wiki/Special:FilePath/CIMG3734kisaki.jpg?width=200,1989-06-10,O,160,45kg,86 - 60 - 87,D-65,TRUE,2019,2008,,kizaki_jessica,kizaki_jessica,,
彩城ゆりな,,彩城優里菜,彩城ゆりな,綾瀬、ゆか,,1993-02-24,A,153,,80 - 58 - 85,C,TRUE,2016,2012-11-22,kawaii*,yurina_n777,y_nyanyan,,
彩月かおる,,,彩月かおる,,,1955.06.09,,160,,94 - 68 - 90,F,TRUE,,2010,,,,,
彩瀬希,,,彩瀬希,,,1993-03-03,,163,,83 - 58 - 82,D,FALSE,,2012,,,,,
彩音舞衣,,,彩音舞衣,,https://www.minnano-av.com/p_actress_125_125/015/479447.jpg?new,1995-12-17,,157,,,,FALSE,,2016,,,,,
愛乃澪,,,愛乃澪,笹本、結愛,,1994-10-14,,163,,86 - 58 - 87,D,TRUE,2017,2016,アタッカーズ,_ainoREI_,,,
愛原さくら,,,愛原さくら,,,1985-11-26,B,158,,82 - 56 - 86,D,FALSE,,2008,,,,,
愛原千咲,,,愛原千咲,,https://www.minnano-av.com/p_actress_125_125/004/854152.jpg?new,1982-12-06,B,155,,78 - 58 - 83,,TRUE,2005,2002,,,,,
愛咲きらら,,,愛咲きらら,,,2001-03-21,,155,,84 - 57 - 88,E-82,FALSE,,2022,SOD,aisakikirara,aisakikirara0321,aisakikirara,
愛奏,,愛奏,愛奏,薫、桜子,,1982-11-22,B,157,,101 - 63 - 89,I,TRUE,2004,2002,BooTLeG,,,,
愛音ゆり,,,愛音ゆり,,https://www.minnano-av.com/p_actress_125_125/010/33888.jpg?new,1989-02-18,A,157,48kg,83 - 56 - 84,,FALSE,,2008,,,,,
愛音ミク,,,愛音ミク,,,1986-03-09,O,157,45kg,86 - 57 - 84,E,TRUE,,2010-09-07,,,,,
成宮いろは,,成宮彩葉,成宮いろは,,,1987-06-08,O,155,,86 - 62 - 92,E,FALSE,,2015,タカラ映像,narimiya0608,iroha_narimiya,,
戸田真琴,,戶田真琴,戸田真琴,,https://commons.wikimedia.org/wiki/Special:FilePath/MAKOTO_TODA_CIMG3004.jpg?width=200,1996-10-09,A,152,,,C,TRUE,,2016,,toda_makoto,toda_makoto,,
新ありな,,新有菜,新ありな,新有菜、橋本ありな,https://commons.wikimedia.org/wiki/Special:FilePath/Kindai_Mahjong_Swimsuit_Festival_(September_21%2C_2024)IMG_1275.jpg?width=200,1996-12-15,A,167,44kg,84 - 58 - 84,C-65,TRUE,2025,2016-10-03,,,,,
新井優香,,新井優香,新井優香,,,1994-10-15,,167,,86 - 58 - 87,F,TRUE,2020,2018,プレミアム,,,,
新垣とわ,,,新垣とわ,とわ、朝宮,,1993-07-26,B,164,,78 - 57 - 83,,TRUE,2014,2013,マキシング,imai_hatsune,,,
新垣セナ,,,新垣セナ,,,1989-11-21,,156,,83 - 58 - 88,B-65,FALSE,,2009-11-11,,,,,
明日花キララ,,明日花綺羅,明日花キララ,,https://commons.wikimedia.org/wiki/Special:FilePath/%EC%95%84%EC%8A%A4%EC%B9%B4_%ED%82%A4%EB%9D%BC%EB%9D%BC(Kirara_Asuka)_%ED%8C%AC%EB%AF%B8%ED%8C%85_(9).jpg?width=200,1988-10-02,A,162,44kg,90 - 58 - 85,G,TRUE,2018,2007-12-21,キラティス,asukakiraran,asukakiraran,asuka.kirara,
明里つむぎ,,明里紬,明里つむぎ,,https://commons.wikimedia.org/wiki/Special:FilePath/Gravure_idol_photographed_on_May_10%2C_2026IMG_2264.jpg?width=200,1998-03-31,O,157,,80 - 58 - 83,B,FALSE,,2017,FALENO,akari_tsumugi__,akari.tsumugi,,
星宮一花,,星宮一花,星宮一花,,,1998-06-28,O,168,,85 - 59 - 89,D,FALSE,,2018,アタッカーズ,hosimiyaichika,,,
星空もあ,,,星空もあ,中野伊織、石橋さら,,1994-07-24,B,158,,88 - 58 - 86,F,FALSE,,2014-12-05,h.m.p,Hoshizora_moa,hoshizora_moa,,
星野ナミ,,星野娜美,星野ナミ,,,1992-07-03,A,152,,90 - 59 - 90,G,TRUE,2020-09-07,2012,,hoshino_nami73,hoshino_nami73,,
春日部このは,,,春日部このは,,,1992-11-09,O,155,,88 - 58 - 87,E,FALSE,,2016,,,,,
有坂深雪,,有坂深雪,有坂深雪,,,1998-01-07,A,161,,85 - 55 - 84,D,TRUE,2019,2017,ダスッ!,arisaka_miyuki,arisaka_miyuki_official17,,
有坂真宵,,有坂真宵,有坂真宵,,,2000|愛称=|別名=|画像コメント=|画像ファイル=|その他=}}-1|生年=2000|愛称=|別名=|画像コメント=|画像ファイル=|その他=}}-1|時点=2020年 |毛髪の色=|瞳の色=|血液型=|出身地=・山口県|没日=|没月=|没年=|ふりがな=ありさか まよい|生月=1|生年=2000|愛称=|別名=|画像コメント=|画像ファイル=|その他=}},,152,1kg,89 - 53 - 88,G,FALSE,,2020-05-16,FALENO,arisaka_cmore,,,
朝日なな,,,朝日なな,,,1985-01-20,A,158,,87 - 59 - 88,E,FALSE,,2007,,,,,
朝香美穂,,,朝香美穂,,,1981-12-16,A,160,,86 - 59 - 87,E,TRUE,2004,2002-10-20,,,,,
本庄鈴,,本庄鈴,本庄鈴,,https://commons.wikimedia.org/wiki/Special:FilePath/Suzu_Honjo's_refreshing_smile2024.jpg?width=200,1997-01-12,,163,,85 - 59 - 88,C,FALSE,,2018-02-28,SOD,honjosuzu,honjo_suzu,,
朱莉きょうこ,,,朱莉きょうこ,,,1999-12-07,,169,,101 - 59 - 93,I,TRUE,,2020,エスワン,AkariKyoko,hapistaglam54,,
杏子ゆう,,,杏子ゆう,,https://www.minnano-av.com/p_actress_125_125/004/95287.jpg?new,1989-02-05,B,160,,85 - 59 - 88,,FALSE,,2011-09-11,,,,,
杏野小夜,,,杏野小夜,,https://www.minnano-av.com/p_actress_125_125/004/905212.jpg?new,1979-10-25,A,162,,83 - 58 - 83,,TRUE,,1999,,,,,
松島かえで,,松島楓,松島かえで,,,1982-11-07,O,160,,85 - 58 - 84,D,TRUE,2007,2002-10-07,,KaedeMatsusima,,,
松本菜奈実,,松本菜奈實,松本菜奈実,ななみん,https://commons.wikimedia.org/wiki/Special:FilePath/Trend_Girls_Photo_Session_(September_27%2C_2025)IMG_1483.jpg?width=200,1994-08-23,B,165,,100 - 62 - 100,I,FALSE,,2017-07-01,Fitch,7mi_m,773nanaminu,7mim_official,
松永さな,,今永紗奈,松永さな,松永、さな,,1996-02-09,O,164,,89 - 58 - 88,G,TRUE,2020,2016,溜池ゴロー,,,,
枢木あおい,,,枢木あおい,くろき葵、山内愛,https://commons.wikimedia.org/wiki/Special:FilePath/Fresh_Summer_Fes!!_Gold_Division_IMG_0074.jpg?width=200,1998-03-20,B,154,,84 - 59 - 93,D,TRUE,2023-04-16,2017-05-14,S-Cute,Aoi_krrg,aoi_krrg,aoi_krrg,
架乃ゆら,,架乃由羅,架乃ゆら,,https://commons.wikimedia.org/wiki/Special:FilePath/Yura_Kano's_stage_greeting_IMG_4608.jpg?width=200,1998-12-28,O,156,,86.5 - 55 - 86,E-65,TRUE,2024,2017,S1,kano_yura,kano__yura,kano_yura,
柏木のぞみ,,,柏木のぞみ,,,1993-02-10,A,159,,88 - 60 - 86,E,TRUE,2012,2011,,nozomi_kasiwagi,,,
栗衣みい,,,栗衣みい,琴音、るい,https://www.minnano-av.com/p_actress_125_125/017/358527.jpg?new,1998-09-06,A,148,,82 - 55 - 79,,TRUE,,2017,アリスJAPAN,,,,
桂木麻也子,,,桂木麻也子,,https://www.minnano-av.com/p_actress_125_125/004/877789.jpg?new,1966-03-07,A,162,,88 - 57 - 88,,TRUE,1989,1987,,,,,
桃乃木かな,,桃乃木香奈,桃乃木かな,松嶋真麻,https://commons.wikimedia.org/wiki/Special:FilePath/180727_%E9%BE%8D%E3%81%8C%E5%A6%82%E3%81%8F3_%E3%83%95%E3%82%A1%E3%83%B3%E4%BC%9A%E8%AD%B02_(20).jpg?width=200,1996-12-24,AB,153,40kg,80 - 54 - 80,E,TRUE,2025,2015-09-24,アイデアポケット,Kana_Momonogi,kana_momonogi,,
桐谷まつり,,桐谷茉莉,桐谷まつり,,https://commons.wikimedia.org/wiki/Special:FilePath/Akihabata_20181201_CIMG6833-1.jpg?width=200,1996-08-15,B,165,,91 - 59 - 88,H,TRUE,,2016-10-03,溜池ゴロー,,,,
桜もこ,,櫻萌子,桜もこ,,https://commons.wikimedia.org/wiki/Special:FilePath/Mikami_Yua_to_K-POP_CIMG6779-1.jpg?width=200,1991-03-19,,153,,79 - 55 - 76,B,TRUE,2024-03-20,2017-11-01,アタッカーズ,moko_sakura3,mokochan319,,
桜井あゆ,,,桜井あゆ,加藤はるき、合倉さゆ,https://commons.wikimedia.org/wiki/Special:FilePath/Movie_%E2%80%9CBlue_Porno%E2%80%9D_Stage_Greetings_Ikebukuro_Cinema_Rosa_IMG_9644sakurai.jpg?width=200,1991-04-15,A,162,50kg,82 - 59 - 81,B,TRUE,2016,2013,K.M.Produce,yoshimi_mio,sakurai.ayu,ayusakurai,
桜井彩,,櫻井彩,桜井彩,,,1989-02-24,O,158,,90 - 58 - 82,H,TRUE,2020,2012,エスワン,sakurai_aya_,sakurai_aya_0224,,
桜空もも,,樱空桃,桜空もも,,https://commons.wikimedia.org/wiki/Special:FilePath/Trend_Girls_Photo_Session_(September_27%2C_2025)IMG_2521.jpg?width=200,1996-12-03,O,160,45kg,90 - 55 - 86,G,FALSE,,2017,アイデアポケット,sakumomo1203,sakuramomo_official,,
森なな子,,森奈奈子,森なな子,,,1988-02-13,AB,167,,,,FALSE,,,マウスプロモーション,mory7585,nanako.m0213,,
森沢かな,,森澤佳奈,森沢かな,飯岡、かなこ,https://commons.wikimedia.org/wiki/Special:FilePath/Movie_%E2%80%9CBlue_Porno%E2%80%9D_Stage_Greetings_Ikebukuro_Cinema_Rosa_IMG_9655-1.jpg?width=200,1992-05-09,O,160,,86 - 59 - 86,F,FALSE,,2012-07-13,,morisawa_kana,morisawa_kana,,
森罗万象,,,森罗万象,,,,,,,,,FALSE,,,,,,,
楓ふうあ,,楓富愛,楓ふうあ,,https://commons.wikimedia.org/wiki/Special:FilePath/Fresh_Festival_2023_in_Shirakobato_Water_Park_IMG_1104.jpg?width=200,2001-04-20,,170,,93 - 59 - 88,F,FALSE,,2021-10-28,S1,kaede_fu_a,fuua_kaede,fua_kaede,
楓カレン,,枫花恋,楓カレン,田中レモン、楓可憐,,1999-08-25,O,162,,82 - 56 - 81,D,TRUE,2022,2018-04-20,FALENO,honmononokaren,kaedekaren0825,,
榊梨々亜,,,榊梨々亜,,,1993-01-30,O,155,,83 - 57 - 83,D,TRUE,2017,2016,アイデアポケット,,,,
橋本ありな,,新有菜,橋本ありな,新有菜、橋本ありな,https://commons.wikimedia.org/wiki/Special:FilePath/Kindai_Mahjong_Swimsuit_Festival_(September_21%2C_2024)IMG_1275.jpg?width=200,1996-12-15,A,167,44kg,84 - 58 - 84,C-65,TRUE,2025,2016-10-03,,,,,
水卜さくら,,水卜櫻,水卜さくら,,,1997-11-30,O,152,,79 - 52 - 78,G,FALSE,,2017-05-07,MOODYZ,archemiura,,,
水川スミレ,,水川菫,水川スミレ,水稀、みり,,1994-02-03,O,155,,83 - 53 - 88,D,TRUE,2026-07-08,2016,マドンナ,mizuki_rei0203,mizukawasumireworld,,
水沢のの,,水澤乃乃,水沢のの,さおり,,1993-09-06,B,165,,86 - 60 - 83,E,TRUE,2015,2013,マキシング,,,,
水野朝陽,,水野朝陽,水野朝陽,本多翼、白瀬真希,,1990-11-12,A,165,,90 - 58 - 96,H,TRUE,2019,2013,マドンナ,mizuno_asahi,,,
永井みひな,,美雛,永井みひな,吉田、優,,1995-07-13,,156,,85 - 60 - 92,F,FALSE,,2017,,mihi_nanami,mihi_nanami,,
永瀬ゆい,,,永瀬ゆい,飯島里奈,,1999-10-15,A,150,,77 - 54 - 85,A-65,TRUE,2021,2019,,YuiN_attractive,yuinagase_12,,
沖那つばさ,,,沖那つばさ,,,1983-06-06,A,166,,85 - 59 - 86,D,FALSE,,2002-12-18,,,,,
沙月とわ,,沙月永遠,沙月とわ,,,1998-01-18,,167,,90 - 62 - 90,G,FALSE,,2018,ケイ・エム・プロデュース,satsuki_towa1,,,
河北彩花,,河北彩花,河北彩花,河北、彩伽,https://commons.wikimedia.org/wiki/Special:FilePath/Trend_Girls_Photo_Session_(September_28%2C_2025)_IMG_3232.jpg?width=200,1999-04-24,,169,55kg,87 - 57 - 86,E,TRUE,,2018-05-12,S1,Saika_Kawakita,saika_kawakita__official,,
河愛雪乃,,,河愛雪乃,,https://www.minnano-av.com/p_actress_125_125/010/92037.jpg?new,1990-11-16,B,158,,82 - 57 - 83,,FALSE,,2013,,,,,
河田結衣,,,河田結衣,,https://www.minnano-av.com/p_actress_125_125/011/280389.jpg?new,,,,,,,FALSE,,,,,,,
波多野結衣,,波多野結衣,波多野結衣,,https://commons.wikimedia.org/wiki/Special:FilePath/%ED%95%98%ED%83%80%EB%85%B8%EC%9C%A0%EC%9D%B4(Yui_Hatano)_%EC%9A%A9%EA%B3%BC%EA%B0%99%EC%9D%B4_%EA%B7%B9_%EA%B8%B0%EB%85%90%ED%96%89%EC%82%AC_4.jpg?width=200,1988-05-24,A,163,48kg,93 - 59 - 103,H,FALSE,,2008-06-03,BeFree,hatano_yui,hatachan524,,
浅田ちち,,淺田Chichi,浅田ちち,,,1986-04-25,A,160,,100 - 60 - 87,K,TRUE,2009,2008,,,,,
浜崎真緒,,濱崎真緒,浜崎真緒,,https://commons.wikimedia.org/wiki/Special:FilePath/DSCF3777_(53361773894).jpg?width=200,1993-10-20,B,165,53kg,85 - 59 - 84,E,TRUE,2024,2012,ソフト・オン・デマンド,Hamasaki_mao,maohamasaki_official,mao_hamasaki,
涼森れむ,,涼森玲夢,涼森れむ,,https://commons.wikimedia.org/wiki/Special:FilePath/Trend_Girls_Photo_Session_(May_4%2C_2025)IMG_2369.jpg?width=200,1997-12-03,O,160,,87 - 58 - 85,D,FALSE,,2019,プレステージ,remu19971203,remu19971203,,
深田えいみ,,深田詠美,深田えいみ,深田、詠美、天海こころ,https://commons.wikimedia.org/wiki/Special:FilePath/Kindai_Mahjong_Swimsuit_Festival_(April_28%2C_2024)051899.jpg?width=200,1998-03-18,A,158,,87.8 - 63.5 - 91.1,F,TRUE,2024,2017,FALENO,fukada0318,eimi0318,,
清水优空,,,清水优空,,,,,,,,,FALSE,,,,,,,
渚みつき,,,渚みつき,池田、亜香里,https://commons.wikimedia.org/wiki/Special:FilePath/Kindai_Mahjong_Swimsuit_Festival_(September_23%2C_2024)IMG_9060.jpg?width=200,1998-02-07,B,155,,83 - 58 - 86,B,TRUE,2024-01-31,2019-01-18,,,,,
湊莉久,,湊莉久,湊莉久,上村陽菜、三浦莉嘉,https://commons.wikimedia.org/wiki/Special:FilePath/Minato_Riku%2C_Japanese_porn_actress.jpg?width=200,1993-08-01,O,160,,82 - 58 - 83,D,TRUE,2018-01-20,2013-04-01,S1,riku_minato,ha73nato,,
瀬名あゆむ,,瀨名步,瀬名あゆむ,広瀬藍子、吉村あきの,,1986-11-09,B,158,,90 - 58 - 88,E,TRUE,2008,2007,,senachanpon,,,
片岡なぎさ,,,片岡なぎさ,,,1974|愛称=|別名=|画像ファイル=|その他=}}-11|生年=1974|愛称=|別名=|画像ファイル=|その他=}}-30|生月=11|生年=1974|愛称=|別名=|画像ファイル=|その他=}},,156,156kg,87 - 64 - 88,D,FALSE,,2017,,kataokanagisa,,,
片桐ゆう,,,片桐ゆう,雨宮ゆい,,1981-05-03,AB,156,,84 - 55 - 83,E-65,FALSE,,2001,,,,,
片瀬まこ,,,片瀬まこ,,,1983-08-22,A,156,,98 - 58 - 87,F,TRUE,2008,2005,,,,,
白石茉莉奈,,白石茉莉奈,白石茉莉奈,,https://commons.wikimedia.org/wiki/Special:FilePath/Shiraishi_Marina_from_%22I_am_a_pervert%22_at_Opening_Ceremony_of_the_Tokyo_International_Film_Festival_2016_(32800542854).jpg?width=200,1986-08-10,O,154,,90 - 60 - 90,G,FALSE,,2013-06-23,マドンナ,shiraishimarina,marina_shiraishi_official,shiraishimarina,
益坂美亜,,,益坂美亜,,,1998-02-19,B,165,,100 - 59 - 88,J,TRUE,2019,2018,アイデアポケット,,,,
相原翼,,,相原翼,夏目、ヒカル,https://www.minnano-av.com/p_actress_125_125/014/713312.jpg?new,1997-01-25,,158,,82 - 56 - 88,,TRUE,2017,2015,本中,,,,
相沢みなみ,,相澤南,相沢みなみ,,https://commons.wikimedia.org/wiki/Special:FilePath/AV%E5%A5%B3%E5%84%AA%E3%83%BB%E7%9B%B8%E6%B2%A2%E3%81%BF%E3%81%AA%E3%81%BF.png?width=200,1996-06-14,A,155,,80 - 54 - 82,C,TRUE,2023-08-16,2016-01-11,アイデアポケット,pixy_yxip,epoint2016,,
相沢夏帆,,,相沢夏帆,相沢、夏帆,,1998-06-17,,151,,90 - 57 - 88,G,FALSE,,2018-04-25,E-BODY,morishita_mirei,,,
相澤ゆりな,,,相澤ゆりな,,,1995-06-11,B,148,52kg,87 - 58 - 83,G,TRUE,2020,2015,E-BODY,,,,
相田すみれ,,,相田すみれ,,,1985-04-08,B,152,,92 - 59 - 90,H,TRUE,2006,2004,,,,,
石倉えいみ,,石倉詠美,石倉えいみ,,,1982-10-27,A,157,,86 - 59 - 88,F,FALSE,,2011,,,,,
石原小百合,,,石原小百合,,https://www.minnano-av.com/p_actress_125_125/007/335782.jpg?new,1958-??-??,,,,,,FALSE,,,,,,,
石原希望,,石原希望,石原希望,のん,https://commons.wikimedia.org/wiki/Special:FilePath/Kindai_Mahjong_Swimsuit_Festival_(July_2%2C_2026)IMG_2553.jpg?width=200,2000-07-25,,158,,90 - 58 - 90,F,FALSE,,2020,MOODYZ,nozomi_ishihara,nozomi_ishihara.official,nozomi_ishihara,
碧しの,,篠惠美,碧しの,篠めぐみ、中村遙香,,1990-09-08,A,163,,80 - 58 - 85,D,TRUE,2019-05-21,2009,,shino_aoi0908,,,
示例女优,,示例女优,示例女優,,,1993-08-16,,159,45kg,88 - 58 - 86,G-80,FALSE,,,,,,,
神ユキ,,神雪,神ユキ,,,1987-01-11,A,161,,90 - 60 - 100,G,FALSE,,,,jinyuki_,jinyuki_,,
神代しずく,,,神代しずく,姫宮、しおり,,1986-07-07,A,162,,82 - 56 - 82,C,TRUE,2007,2006,,,,,
神咲アンナ,,,神咲アンナ,あいら、http:,,1987-01-05,O,160,,83 - 58 - 82,D,TRUE,2006,2005-11-25,,,,,
神咲詩織,,神咲詩織,神咲詩織,,https://commons.wikimedia.org/wiki/Special:FilePath/Kamisaki_Shiori%2C_Japanese_porn_actress.jpg?width=200,1990-08-25,A,162,,91 - 58 - 87,G,TRUE,2019,2011-03-11,WILLグループ,koarachan1213,koara_chan1213,,
神坂ひなの,,,神坂ひなの,ひなの、椎名,,1996-03-03,O,150,,78 - 56 - 84,A-65,TRUE,2021-05-25,2017-01-21,SOD,hina_kanno0303,,,
神宮寺ナオ,,神宮寺奈緒,神宮寺ナオ,,https://commons.wikimedia.org/wiki/Special:FilePath/TRE20250810Videoframe_477481.png?width=200,1997-02-15,B,160,,86 - 61 - 88,E-65,FALSE,,2017-06-28,MOODYZ,nao_jinguji,jinguji_nao,,
神川ひな,,,神川ひな,,,1992-10-13,A,153,,90 - 55 - 85,H,FALSE,,2012,,,,,
神谷姫,,神谷姬,神谷姫,,,1985-05-24,B,162,,80 - 58 - 80,C-65,FALSE,,2005-01-21,PREMIUM,,,,
神谷沙織,,,神谷沙織,,,1981-12-13,A,158,,83 - 58 - 81,D-65,TRUE,2003,2001-12-31,,,,,
秋元なつみ,,,秋元なつみ,,,1985-08-25,A,154,,86 - 58 - 85,D,TRUE,2006,2005,,,,,
秋元美由,,秋元美由,秋元美由,,,1990-02-16,O,159,,78 - 58 - 85,A,FALSE,,2008,,,,,
秋菜里子,,,秋菜里子,,https://www.minnano-av.com/p_actress_125_125/000/210659.jpg?new,1980-06-02,A,158,,81 - 58 - 83,,TRUE,2000,1999-10-22,,,,,
笠木いちか,,,笠木いちか,いちか、桜庭,,1998-04-15,,154,48kg,80 - 58 - 82,C,FALSE,,2019,kawaii*,kasagiichika,kasagiichika,,
篠原りょう,,,篠原りょう,,https://www.minnano-av.com/p_actress_125_125/003/316854.jpg?new,,,,,,,FALSE,,,,,,,
篠田ゆう,,篠田优,篠田ゆう,,,1991-07-21,O,155,,88 - 60 - 88,F,TRUE,2023,2010,マドンナ,,,,
紅葉雫,,,紅葉雫,紅葉雫、月島りお,,1985-04-10,,160,,85 - 58 - 85,D,TRUE,2009,2007,,,,,
綾瀬みう,,,綾瀬みう,井川、舞衣,,1987-02-10,B,152,,84 - 56 - 83,C-65,TRUE,2008,2006-12-16,,,,,
綾瀬れん,,大塚蓮,綾瀬れん,綾瀬れん、大塚れん}},,1990-10-08,O,157,,92 - 60 - 83,H,TRUE,2018,2011,SOD,renren_108,renren108,,
緒川凛,,,緒川凛,緒川、凛,,1985-02-08,O,161,,105 - 65 - 98,J,TRUE,,,,mimura_ibuki,,,
緒方れいな,,,緒方れいな,,https://www.minnano-av.com/p_actress_125_125/010/892364.jpg?new,,,,,,,FALSE,,,,,,,
美谷朱里,,美谷朱音,美谷朱里,,https://commons.wikimedia.org/wiki/Special:FilePath/Akari_Mitani_IMG_5811-2.jpg?width=200,1996-05-25,A,166,57kg,83 - 58 - 96,E,TRUE,2025,2017,ダスッ!,akari_mitani17,akanemitani0415,,
胡桃沢まり奈,,,胡桃沢まり奈,胡桃沢、まり奈,,1978-08-29,B,158,,83 - 59 - 87,C,FALSE,,,,,,,
菊池えり,,,菊池えり,菊地えり、秋本,,1965-04-05,A,168,,94 - 60 - 86,,FALSE,,1985,,,,,
華山美玲,,,華山美玲,,,1974-12-07,,165,,90 - 60 - 93,F,FALSE,,2009,,,,,
葵つかさ,,葵司,葵つかさ,,https://commons.wikimedia.org/wiki/Special:FilePath/%EC%95%84%EC%98%A4%EC%9D%B4%EC%B8%A0%EC%B9%B4%EC%82%AC(Aoi_Tsukasa)_%EA%B5%AD%EB%82%B4_%ED%8C%AC%EB%AF%B8%ED%8C%85_5.jpg?width=200,1990-08-14,O,163,,88 - 58 - 86,E,TRUE,2025-07-20,2010,エスワン,,,,
葵ぶるま,,葵舞琉真,葵ぶるま,,,1989-12-17,O,152,,92 - 61 - 86,G,FALSE,,2009,MOODYZ,,,,
葵みのり,,葵實野理,葵みのり,,,1980-03-28,B,157,,82 - 54 - 86,B-65,TRUE,2001,1999-02-28,,,,,
蒼井そら,,蒼井空,蒼井そら,苍井空,https://commons.wikimedia.org/wiki/Special:FilePath/Aoi_Sora_%22Lazy_Hazy_Crazy%22_at_Opening_Ceremony_of_the_28th_Tokyo_International_Film_Festival_(22241441840)_(cropped).jpg?width=200,1981-04-26,,155,,90 - 58 - 83,G,TRUE,2011,2002-06-14,エスワン,,,,
藍山みなみ,,蓝山南,藍山みなみ,,,1982-05-28,AB,155,54kg,80 - 60 - 90,B,TRUE,2007-06-07,2003,,,,,
藤井いよな,,,藤井いよな,,,1998-06-24,,165,,82 - 56 - 84,D,TRUE,2023,2020,アイデアポケット アタッカーズ,,_inu_kawaii_ne,,
藤森里穂,,藤森里穗,藤森里穂,,https://commons.wikimedia.org/wiki/Special:FilePath/Trend_Girls_Photo_Session_(September_27%2C_2025)IMG_2740.jpg?width=200,1996-12-03,B,160,47kg,86 - 60 - 88,G,FALSE,,2019,マドンナ,fujimoriho123,fujimoriho123,,
藤浦めぐ,,惠理,藤浦めぐ,藤浦、めぐ,https://commons.wikimedia.org/wiki/Special:FilePath/Trend_Girls_Photo_Session_(September_15%2C_2024)IMG_6448.jpg?width=200,1989-05-04,,155,,95 - 60 - 88,G,TRUE,2010,2009-02-11,,meguri0504,,meguri0504,
藤田こずえ,,藤田梢,藤田こずえ,藤田こずえ,https://commons.wikimedia.org/wiki/Special:FilePath/Stage_greeting_for_the_Housewife_Ghost_Story_Lustful_Sobs_IMG_0097.jpg?width=200,2001-05-20,A,153,,82 - 58 - 82,C,FALSE,,,プライムエージェンシー,yuzu__fujita,yuzufujita0520,yuzufujita0520,
西宮このみ,,,西宮このみ,,,1997-02-22,,167,,80 - 59 - 88,C,TRUE,2018,2016,MOODYZ,,,,
西田カリナ,,,西田カリナ,,https://commons.wikimedia.org/wiki/Special:FilePath/Virgin_concerto_20191005_155011.jpg?width=200,1995-07-07,A,159,,78 - 56 - 82,B,TRUE,2021,2014-08-21,ワンズファクトリー,,,,
西野翔,,西野翔,西野翔,,,1985-06-29,O,159,,81 - 57 - 86,C,TRUE,2019,2004,SOD,showtaro3,nishino_show,,
逢沢はるか,,,逢沢はるか,,https://www.minnano-av.com/p_actress_125_125/011/930364.jpg?new,,,,,,,FALSE,,,,,,,
逢沢りいな,,,逢沢りいな,はとり、心咲,,1998-10-10,,164,,97 - 60 - 95,H,FALSE,,2018,Fitch,,,,
逢田梨香子,,逢田梨香子,逢田梨香子,,,1992-08-08,O,150,,,,FALSE,,2014-06-19,賢プロダクション,Rikako_Aida,aida_rikako_,,
逢見リカ,,逢見梨花,逢見リカ,,https://commons.wikimedia.org/wiki/Special:FilePath/Trend_Girls_Photo_Session_(September_15%2C_2024)IMG_8357.jpg?width=200,1999-12-30,A,145,38kg,79 - 53 - 78,H,FALSE,,2019-02-01,DAHLIA,aimi__rika,,aimi__rika,
那月めい,,,那月めい,,,1995-11-20,B,160,,82 - 59 - 83,,FALSE,,2015,,,,,
金城アンナ,,,金城アンナ,,,1984-08-31,A,160,,83 - 58 - 85,C,TRUE,,,,,,,
鈴木さとみ,,鈴木里美,鈴木さとみ,まお、浅田真美,,1988-09-09,A,151,,85 - 58 - 82,F,FALSE,,2007,,,,,
鈴木心春,,鈴木心春,鈴木心春,,,1993-12-01,A,160,,85 - 58 - 85,F,TRUE,2018,2013,エスワン,koharusuzuki,,,
鈴村あいり,,鈴村愛里,鈴村あいり,,https://commons.wikimedia.org/wiki/Special:FilePath/%E9%88%B4%E6%9D%91%E3%81%82%E3%81%84%E3%82%8A2015%E5%B9%B4.jpg?width=200,1993-09-24,A,152,,82 - 53 - 80,E,FALSE,,2013,プレステージ,naxsuzumura,airi_suzumura_nax,,
阿由葉あみ,,阿由葉亞美,阿由葉あみ,白鳥、七楓,https://www.minnano-av.com/p_actress_125_125/018/494131.jpg?new,,,165,,89 - 56 - 85,,FALSE,,2018,エスワン,ayuha_ami,,,
雨依つばめ,,,雨依つばめ,,,1998-09-11,A,152,,73 - 55 - 87,B,TRUE,2025,2022-11-11,,,,,
雨宮琴音,,雨宮琴音,雨宮琴音,,,1988-03-30,B,168,,87 - 56 - 83,E,TRUE,2014,2008,,AmamiyaKotone,,,
霧宮てん,,木村都那,霧宮てん,木村つな、紺野いろは,,1992-08-21,A,151,,82 - 59 - 90,B-70,TRUE,2017,2012,,kirimiya_ten,kirimiya_ten,,
青山はな,,青山華,青山はな,,,1989-10-08,A,149,,89 - 60 - 87,G,TRUE,2018,2016,マキシング,aoyama_hana,hana_aoyama,,
青山ひより,,,青山ひより,青山、ひより,,1983-09-04,A,150,,88 - 60 - 88,E-65,FALSE,,2004-03-18,,yuria_hidaka,,,
青木菜摘,,,青木菜摘,椎野、まお,,1989-01-06,O,149,,86 - 58 - 88,D,FALSE,,2008,アタッカーズ,,,,
青沼ちあさ,,,青沼ちあさ,,,1975-08-01,O,161,,82 - 58 - 85,B,FALSE,,,,,,,
風見里穂,,,風見里穂,,,1982-08-28,,150,,83 - 59 - 84,C-70,FALSE,,2002,,,,,
風間恭子,,,風間恭子,,,1977-02-20,O,156,,95 - 60 - 85,G,FALSE,,1995,,,,,
香西咲,,香西咲,香西咲,,,1986-03-30,B,160,,84 - 57 - 85,D-65,TRUE,2018,2011,アタッカーズ,kouzaisaki_fm,saki.kouzai,,
高杉麻里,,高杉麻里,高杉麻里,,,1998-01-30,AB,166,,88 - 59 - 89,E,TRUE,2020,2017,,,mari_takasugi,,
高橋しょう子,,高橋聖子,高橋しょう子,,https://commons.wikimedia.org/wiki/Special:FilePath/%E9%AB%98%E6%A9%8B%E3%81%97%E3%82%87%E3%81%86%E5%AD%902018%E5%B9%B4.jpg?width=200,1993-05-13,B,161,,87 - 59 - 86,G,TRUE,2022,2016-05-01,MOODYZ,TS_takasho,ts_takasho,,
高瀬りな,,,高瀬りな,,,,,,,,,FALSE,,,,,,,
鮎川あゆみ,,,鮎川あゆみ,,,1987-05-10,O,162,,108 - 60 - 85,I,FALSE,,2008,,,,,
鮎川さくら,,,鮎川さくら,,,1987-03-03,AB,170,,85 - 58 - 86,D,FALSE,,2007,,,,,
鮎川みさと,,,鮎川みさと,,,1985-04-15,,150,,93 - 63 - 85,G,FALSE,,,,,,,
鮎川千里,,,鮎川千里,舟川、ちさと,,1989-06-20,,163,48kg,84 - 58 - 89,E-65,TRUE,2012-12-18,2011,,,,,
麻生遥,,麻生遙,麻生遥,はるか、橘,,1995-06-28,,160,,84 - 59 - 88,E,TRUE,2017,2016,アイデアポケット,,,,
麻美ゆま,,麻美由真,麻美ゆま,,https://commons.wikimedia.org/wiki/Special:FilePath/Asami_Yuma.jpg?width=200,1987-03-24,AB,158,,96 - 58 - 88,H,TRUE,2012,2005-10-28,エスワン,asami_yuma,yuma_asami0324,,
麻里梨夏,,麻里梨夏,麻里梨夏,成海、うるみ,,1993-06-09,,148,,80 - 56 - 82,D-65,TRUE,2019-09-14,2014,本中,,,,
黒崎みか,,黑崎美嘉,黒崎みか,,,1997-06-27,A,166,,88 - 57 - 88,E-70,FALSE,,2018,アイデアポケット,mika_krsk2525,niconico_mikachan,,
黒木アリサ,,,黒木アリサ,,,1985-10-15,A,163,,96 - 58 - 85,G,FALSE,,2008,,,,,
黒谷渚,,,黒谷渚,,https://www.minnano-av.com/p_actress_125_125/001/452443.jpg?new,,,170,,82 - 59 - 86,,FALSE,,,,,,,
